{
    "T4-16": {
        "2": [
            [
                -0.04186221,
                0.44709713,
                4.09607668
            ],
            6045247957.123079
        ],
        "4": [
            [
                -0.02476564,
                0.17681342,
                4.42554777
            ],
            5913720490.412771
        ]
    },
    "V100-16": {
        "2": [
            [
                -0.07612669,
                1.23445272,
                5.98187816
            ],
            10856061338.158632
        ],
        "4": [
            [
                -0.09599017,
                1.2373955,
                7.87297058
            ],
            11352674941.0636
        ]
    },
    "A100-80": {
        "2": [
            [
                0.41528847,
                19.65498957,
                44.94268939
            ],
            253533981118.62653
        ],
        "4": [
            [
                -0.19872996,
                4.69961704,
                19.16372815
            ],
            44171236245.63979
        ]
    },
    "V100-32": {
        "2": [
            [
                -0.21735857,
                5.08667169,
                18.62540725
            ],
            45679957323.14316
        ],
        "4": [
            [
                -0.31717255,
                5.39229942,
                23.5440912
            ],
            45762643767.97779
        ],
        "8": [
            [
                -0.16634497,
                2.10603638,
                16.17968733
            ],
            21920464918.878674
        ]
    }
}